0,1,2,3,4,5,6,7,8,9,10,11,12,13,14,15,16,17,18,19,20,21,22,23,24,25,Delivery_Status_Encoded
-1.454738298343111,-0.4565115561884984,0.5154995368417549,-0.9873173907674431,-1.487932320267725,0.5018520052767202,1.192403008222266,0.010590387553235828,-0.8700956735854671,-1.5248609110217626,0.7687791783313387,0.641395461631103,0.0,0.0,1.0,0.0,0.0,0.0,0.0,1.0,0.0,0.0,1.0,0.0,0.0,1.0,1
1.4391916669850693,1.0043254236146966,1.0859001308575285,0.7385105319141774,-0.2649866786680727,-1.6342938505125568,-0.6008100137768666,-0.517738747589465,1.3234564777909834,-0.8832280143001752,-1.6943339480338788,1.6325256353787372,0.0,1.0,0.0,0.0,0.0,0.0,0.0,1.0,0.0,1.0,0.0,0.0,0.0,1.0,1
-0.6664171229777637,1.3695346685654952,-0.6253016511897911,-0.41204141654023646,-0.7415288385439471,1.092646034021562,0.5993316031932308,-0.4241821896378254,0.44861340590546395,1.0313546505177462,-0.1621094079547081,-0.4712266719246363,0.0,0.0,0.0,1.0,0.0,0.0,0.0,1.0,1.0,0.0,0.0,0.0,1.0,0.0,1
0.3358350776726034,-1.186930046090096,-0.767901799693734,0.019415564130168962,1.3824108302963394,-0.9233234566035831,1.113531681474018,1.1063515396181443,-1.409603239021097,0.08504769670550434,-1.312079177385171,-0.7919297378176325,0.0,1.0,0.0,0.0,0.0,0.0,1.0,0.0,0.0,0.0,1.0,0.0,1.0,0.0,0
-0.7001185858651299,0.27390693371309904,-0.3401013541819043,-1.2749553778810467,-1.2809154158364564,-0.7797550982201547,-1.5117567660033873,-0.715653387185629,-1.1998086488848614,-0.5189670150621292,1.1052786973194224,0.7560451384347657,0.0,0.0,1.0,0.0,0.0,1.0,0.0,0.0,0.0,1.0,0.0,0.0,1.0,0.0,1
-0.2195064194713865,1.734743913516294,-1.3383023937095075,-0.5558604100970382,-0.3285032288913028,-0.340168375644418,0.38525228773369974,-0.4653363542139927,-0.6003016526808147,-1.48262854522747,-1.145745889783538,-0.7835467336760871,0.0,0.0,1.0,0.0,0.0,1.0,0.0,0.0,0.0,0.0,1.0,1.0,0.0,0.0,1
-0.9301677020962813,0.27390693371309904,0.9432999823535857,1.169967512584582,-1.4025714538301564,-0.7255880139217226,0.7526356105956697,1.4242372517269686,0.7692853536595651,-0.2618089176127239,1.277379856077706,0.1323328764791885,0.0,0.0,0.0,0.0,1.0,0.0,0.0,1.0,1.0,0.0,0.0,0.0,0.0,1.0,1
1.6223517913729288,0.6391161786638978,-0.767901799693734,0.8823295254709785,-0.4441100716256474,-1.3381292863626282,-1.54931454064541,-1.4518017147116569,1.2057157260435456,-1.6444696488316632,-1.2541497153379102,0.9150496768335873,0.0,0.0,0.0,1.0,0.0,0.0,0.0,1.0,0.0,1.0,0.0,1.0,0.0,0.0,1
0.2479182179664309,1.0043254236146966,-0.767901799693734,-0.9873173907674431,-0.7821928733429463,0.3226656822179734,-0.26005856747924017,0.588149338717759,1.4238445512258424,-0.48423101518521733,0.4512772112801381,-0.393832608434212,0.0,0.0,0.0,1.0,0.0,0.0,0.0,1.0,0.0,1.0,0.0,1.0,0.0,0.0,1
1.181302211846963,1.0043254236146966,-0.0549010571740175,0.594691538357375,0.37152308917741816,-1.1462601169802942,-0.7544554554942333,-0.8523377046655033,1.7463423265882188,-1.1186833534975587,0.49631468206326745,-0.6913699794520308,0.0,0.0,0.0,1.0,0.0,0.0,0.0,1.0,1.0,0.0,0.0,1.0,0.0,0.0,0
1.0025379304444122,0.6391161786638978,-0.3401013541819043,-0.12440342942663285,-1.2036201430780284,-1.4862481184269976,-0.5325231507913704,-1.127017322002793,-1.6254535967542514,1.542964933210386,-0.779433297816745,1.040728227746949,0.0,0.0,1.0,0.0,0.0,1.0,0.0,0.0,0.0,1.0,0.0,0.0,0.0,1.0,1
-1.2393419920629882,0.6391161786638978,-0.3401013541819043,-0.41204141654023646,1.2227792887300204,-0.252210826140925,0.4388574751773143,1.5603693381115131,-0.3729667120562406,0.934774073387747,-0.6431992193872251,-1.1598025996008448,0.0,0.0,0.0,0.0,1.0,0.0,1.0,0.0,1.0,0.0,0.0,0.0,1.0,0.0,0
-1.4884397612304772,0.6391161786638978,0.3728993883378121,1.4576054996981858,-1.592112905289954,1.462787776727514,-1.1870527325073523,-0.38744263683077096,-1.0915733337956208,0.9271982257149621,-1.6977230451647423,-0.5882333299611319,0.0,0.0,0.0,1.0,0.0,0.0,1.0,0.0,1.0,0.0,0.0,1.0,0.0,0.0,1
-1.5573079680003126,-1.5521392910408947,-1.7661028392213372,0.8823295254709785,-0.5062823562356875,-0.40963163050890516,0.19097616253996286,0.107020100957483,-0.19694325281597574,1.839216750246275,-0.07033778247829188,-0.34980945429483634,0.0,1.0,0.0,0.0,0.0,1.0,0.0,0.0,0.0,0.0,1.0,0.0,1.0,0.0,1
-0.20924945250566632,0.27390693371309904,1.6563007248733022,-0.5558604100970382,-1.3847599344553883,-1.1933730533235323,0.27804191284647056,-1.3376714733151345,-0.3332785001203583,-0.0787839833062307,0.17847014470801806,-0.604712412580811,0.0,1.0,0.0,0.0,0.0,0.0,1.0,0.0,0.0,0.0,1.0,0.0,0.0,1.0,1
1.3527400882739997,0.6391161786638978,-0.0549010571740175,-0.41204141654023646,-0.6850696827899648,-0.13494018513450196,-0.007055740117976518,-0.7679806823113265,-1.3692486318170345,-1.627013335831648,-0.49325683790940006,-0.7005728739259013,0.0,0.0,0.0,1.0,0.0,0.0,0.0,1.0,1.0,0.0,0.0,0.0,0.0,1.0,1
0.36953654055996965,-1.5521392910408947,0.9432999823535857,0.7385105319141774,-1.7799740247332643,-1.0085214819069872,-0.7892817556168364,1.4965533055676183,0.27104340070153465,-1.3911927338116565,-1.561796151326652,2.0985914645780883,0.0,0.0,1.0,0.0,0.0,1.0,0.0,0.0,0.0,0.0,1.0,0.0,1.0,0.0,1
-0.9902442228954993,-1.186930046090096,-1.7661028392213372,1.3137865061413834,0.30733440614759316,-1.5827400904565931,1.6072457008591559,-1.2584609469660266,-0.19876589953991483,-0.1765818676767605,-0.4458381527065118,-0.9406228164275,0.0,0.0,0.0,0.0,1.0,1.0,0.0,0.0,0.0,1.0,0.0,0.0,1.0,0.0,0
-0.42318047779068635,-0.09130231123769969,-1.1957022452055641,1.3137865061413834,-0.981480250498372,0.1927670198720712,0.17970883014735603,1.1158958150259983,-1.0458172669023458,-1.4709026901659008,0.06619158362203162,1.3345863842577905,0.0,0.0,0.0,0.0,1.0,0.0,0.0,1.0,0.0,1.0,0.0,0.0,1.0,0.0,1
0.3153211437411633,1.3695346685654952,-1.1957022452055641,0.45087254480057376,1.1774103242848561,1.401255869563944,-1.1331061107488103,-0.5261986301665129,-0.40915436078148665,-1.0175783215977645,-1.1929815454384074,-1.039657850889165,0.0,0.0,0.0,1.0,0.0,1.0,0.0,0.0,0.0,1.0,0.0,0.0,0.0,1.0,0
1.137343781993877,1.734743913516294,0.3728993883378121,-0.41204141654023646,-0.9176276338718443,0.607463199662901,1.8083505123514423,1.098581784060582,-1.3105740393741336,-1.087778020978834,1.4818854811654343,2.3126385870475934,0.0,1.0,0.0,0.0,0.0,0.0,0.0,1.0,0.0,1.0,0.0,0.0,1.0,0.0,1
-0.9257718591109728,0.6391161786638978,0.8006998338496417,-1.2749553778810467,-1.0349148086226765,0.6336512670716906,0.07010841505563446,1.2645566848482561,-1.5721715575244295,-0.9256500765506973,0.6570680088442209,1.764593132072599,0.0,0.0,0.0,0.0,1.0,0.0,0.0,1.0,1.0,0.0,0.0,0.0,1.0,0.0,1
-0.6385767840708091,-0.09130231123769969,-0.1975012056779609,-0.41204141654023646,0.9334261154908611,-1.4771106210757101,-1.5332671278438184,1.2162675391447386,-0.6763715472863792,0.24232301502709266,-0.8009063243906143,-0.8298553427366007,0.0,1.0,0.0,0.0,0.0,1.0,0.0,0.0,0.0,1.0,0.0,1.0,0.0,0.0,0
-0.8671606193068577,-1.5521392910408947,-1.3383023937095075,-0.8434983972106412,-1.286292478289217,1.6814663633385247,-0.01866450682551076,-0.7429839709141657,1.6704865054983997,-0.29255740613411985,-1.2358687240815336,1.4568281283378615,0.0,0.0,1.0,0.0,0.0,0.0,1.0,0.0,0.0,0.0,1.0,0.0,1.0,0.0,1
-0.06418663399048156,-0.09130231123769969,-0.9105019481976773,1.3137865061413834,1.1797627891079385,1.5378980049550965,-0.8527885381933479,0.23761433881981048,-0.4926761131185903,-0.8902630327839722,1.3391102317388792,0.5769784674753718,0.0,0.0,0.0,0.0,1.0,0.0,0.0,1.0,0.0,0.0,1.0,0.0,1.0,0.0,0
-1.1558209753421245,0.6391161786638978,-0.1975012056779609,1.026148519027781,0.3443017105103195,-0.033057089667646686,0.5143144587762878,0.4562204884251591,0.30705578269992323,1.3004509076287085,1.394346413987008,-0.5866920241795778,0.0,0.0,1.0,0.0,0.0,0.0,1.0,0.0,1.0,0.0,0.0,0.0,0.0,1.0,0
-1.2803698599258688,-1.186930046090096,0.3728993883378121,-0.41204141654023646,-1.596481768532822,1.164082988313927,-0.3351741167632862,1.5713430698599156,-0.20935983481753986,-1.3908741002855514,1.3238528886158163,2.027378929638189,0.0,1.0,0.0,0.0,0.0,0.0,0.0,1.0,0.0,0.0,1.0,1.0,0.0,0.0,1
-0.47006946963397844,-0.09130231123769969,1.3711004278654153,-1.2749553778810467,1.0691969424230567,-0.35352739677200035,0.9714950064641852,1.287180679991743,-0.5566246117888767,-1.008473598203269,0.8920565950564203,1.2629770400330578,0.0,0.0,1.0,0.0,0.0,0.0,0.0,1.0,0.0,0.0,1.0,0.0,0.0,1.0,0
-0.6341809410855005,-0.8217208011392972,1.2285002793614712,-1.5625933649946497,-1.0174393556512058,-1.433689233662392,0.06805980916606949,-0.4507388082145835,0.742718289605441,1.206123373325205,-1.6557391173411014,1.2953874504632883,0.0,0.0,0.0,1.0,0.0,0.0,1.0,0.0,0.0,0.0,1.0,0.0,1.0,0.0,1
-0.9711955699591619,1.734743913516294,-1.3383023937095075,1.026148519027781,-1.2106775375472763,-0.04319971172757588,-0.8124992890319052,1.0013531806544158,-0.6036170884231573,-0.8897903812785078,0.4915885540841064,0.5953165577067185,0.0,0.0,0.0,0.0,1.0,0.0,1.0,0.0,0.0,0.0,1.0,0.0,1.0,0.0,1
1.846539783623669,-0.09130231123769969,-1.7661028392213372,-1.5625933649946497,0.5869416536911243,0.8817160451644424,0.2708717922329934,0.004807174921840371,-1.1554734830240156,-0.7477663754359273,-1.4568973416168922,-1.1453720412367216,0.0,0.0,0.0,0.0,1.0,1.0,0.0,0.0,1.0,0.0,0.0,1.0,0.0,0.0,0
0.16000135826025838,1.3695346685654952,0.3728993883378121,0.3070535512437719,-1.7342689938848026,0.4971553316381586,0.5686025148497574,1.064860404016045,-1.3135421225470973,0.6263682595678516,-1.1864586773961716,-1.4693087533315172,0.0,0.0,1.0,0.0,0.0,0.0,1.0,0.0,0.0,0.0,1.0,1.0,0.0,0.0,1
-0.38947901490332015,0.27390693371309904,-1.7661028392213372,-0.6996794036538395,-0.12283059007322428,-1.671136239832948,-0.7834773722630691,0.581402473114032,-0.04599152390396091,-0.6336023144972676,0.3052342743229085,-0.5507972744623356,0.0,1.0,0.0,0.0,0.0,0.0,1.0,0.0,1.0,0.0,0.0,1.0,0.0,0.0,1
-0.2913051882314275,1.3695346685654952,-1.1957022452055641,-1.2749553778810467,-0.0996420082456959,0.48268153583371914,0.9254013739489754,0.9171816380292106,-0.8557311180171661,-1.141253346014091,-0.9333754850173286,0.40022814601961315,0.0,1.0,0.0,0.0,0.0,0.0,0.0,1.0,1.0,0.0,0.0,1.0,0.0,0.0,1
-0.4436944117221264,-0.8217208011392972,1.513700576369358,1.601424493254987,1.2056399021618474,1.3089671463159407,-1.4455185089074556,1.5371856667875892,-1.6939994275538697,0.18066672122124883,1.3307689651370513,2.0111283338569725,0.0,0.0,0.0,0.0,1.0,1.0,0.0,0.0,1.0,0.0,0.0,0.0,0.0,1.0,0
1.7190603370497186,-0.8217208011392972,-0.767901799693734,0.16323455768697015,-0.29926545180441894,-0.4375009974303319,-1.5424858543468605,0.3939837850220121,0.04078872634588844,-0.8884837012196799,1.1725469370052324,0.017465856832425533,0.0,0.0,0.0,0.0,1.0,1.0,0.0,0.0,0.0,1.0,0.0,1.0,0.0,0.0,1
0.7255998223699685,-0.09130231123769969,-1.3383023937095075,1.3137865061413834,0.04419441236563999,-1.3572997558056292,1.510278355419751,-0.6949460159081722,-1.2307729674436467,0.4878682981337241,-1.0430708890822373,-0.8984914674954462,0.0,1.0,0.0,0.0,0.0,0.0,0.0,1.0,0.0,0.0,1.0,1.0,0.0,0.0,1
0.7534401612769233,1.3695346685654952,1.2285002793614712,0.019415564130168962,-0.1473634375139429,0.5126890771353473,-1.0596977330394017,-0.6840803997434979,-0.9719981660522071,0.8716362396611873,-1.0814921467536416,-0.474719343948986,0.0,0.0,0.0,1.0,0.0,0.0,1.0,0.0,0.0,1.0,0.0,0.0,1.0,0.0,1
-0.9829178179199849,1.3695346685654952,0.23029923983386869,-0.5558604100970382,-0.3721918613199795,-1.1023635797047093,-1.4277639245312268,0.22427048041255454,0.19428420846058167,-1.5931883734977799,-0.10151198519578802,0.06684948532854007,0.0,0.0,0.0,0.0,1.0,0.0,1.0,0.0,0.0,0.0,1.0,0.0,0.0,1.0,1
-1.3433769427152924,-1.5521392910408947,-1.7661028392213372,0.3070535512437719,0.8121061439004585,-1.1589612382985839,0.8137523529676891,1.60031578040358,1.045834618626398,1.1958073479783644,0.9053173908598159,-1.458888255419703,0.0,0.0,0.0,1.0,0.0,0.0,0.0,1.0,0.0,0.0,1.0,0.0,1.0,0.0,0
-0.5316112714282991,1.0043254236146966,0.9432999823535857,-0.2682224229834347,-1.0460049999314947,-1.0028014085650812,-0.23035378208054935,-0.18484342020552585,-1.041394883411434,0.9912877209928819,-0.984275392223586,-0.9773212298854894,0.0,0.0,0.0,1.0,0.0,0.0,0.0,1.0,1.0,0.0,0.0,0.0,1.0,0.0,1
-0.37043036196698265,0.6391161786638978,1.2285002793614712,0.594691538357375,1.2009349725156822,-1.2529860860433315,0.8048750607795744,-1.4756013859033492,1.239236839430786,-1.3883914434990023,0.591960738022052,-1.4826072944743613,0.0,1.0,0.0,0.0,0.0,1.0,0.0,0.0,0.0,0.0,1.0,1.0,0.0,0.0,0
-0.9125843301550469,1.3695346685654952,1.3711004278654153,-0.8434983972106412,0.3416131792839394,-0.09042229803902947,-0.4553589956177595,0.12181866425478152,1.0830939072840984,-0.6833458828032839,1.4985649638766225,-0.9790580267817964,0.0,0.0,1.0,0.0,0.0,0.0,0.0,1.0,0.0,0.0,1.0,0.0,0.0,1.0,0
-1.2862309839062802,-1.186930046090096,0.08769909132992527,0.594691538357375,1.0181148491218348,1.0232376041411824,0.1431753584501155,-0.2928936166644295,0.32418198204784976,-0.8686143221256243,0.10048766033028274,-1.4306452110932524,0.0,0.0,0.0,0.0,1.0,0.0,0.0,1.0,1.0,0.0,0.0,0.0,0.0,1.0,0
-0.7264936437769817,0.6391161786638978,0.6580996853456988,0.16323455768697015,0.25457198082988325,1.2527898126002255,-0.26040000179416756,-1.2046300683480626,0.19188932064477932,-0.21542159889819967,0.025638946863919758,-1.0763751376805057,0.0,0.0,0.0,0.0,1.0,1.0,0.0,0.0,1.0,0.0,0.0,0.0,0.0,1.0,0
0.1380221433337152,-0.8217208011392972,0.5154995368417549,-0.9873173907674431,-1.4150059107521644,-0.36081911965832775,0.618110490514242,-0.8622108586154759,1.4084786532688933,-0.44864014487241394,-1.495517186347901,1.4709192742779786,0.0,0.0,1.0,0.0,0.0,0.0,1.0,0.0,0.0,0.0,1.0,0.0,1.0,0.0,1
-1.1103972644939353,1.734743913516294,0.23029923983386869,0.45087254480057376,0.9542622324953071,0.4741288383129144,-0.8579100529172602,-1.4142953181385796,1.4688095321850136,-0.4581366250079853,1.3950751766373823,-1.104445001815118,0.0,0.0,0.0,1.0,0.0,0.0,1.0,0.0,0.0,0.0,1.0,1.0,0.0,0.0,0
-0.4788611556045955,1.734743913516294,-1.1957022452055641,-1.1311363843242448,1.443574915696487,-0.22086921022600908,-1.478296203140494,1.1038726499768576,-0.019763224031510353,1.1160143773462552,1.0884009325978754,-0.7738558448545564,0.0,0.0,1.0,0.0,0.0,0.0,1.0,0.0,1.0,0.0,0.0,1.0,0.0,0.0,0
0.6406135246540017,0.6391161786638978,-0.767901799693734,-0.12440342942663285,0.10838309539546499,-1.0400275727742263,-0.35463587271415264,1.5798531258365978,-0.6792279814191824,-1.5689429055773487,-1.151857246391971,1.7901641236705,0.0,0.0,0.0,1.0,0.0,0.0,0.0,1.0,0.0,0.0,1.0,0.0,1.0,0.0,0
1.5842544855002538,-0.8217208011392972,1.6563007248733022,1.169967512584582,-0.3839541854353925,-0.9242554813334143,-0.2433282860477935,-0.4305441767114543,0.9457500015570932,0.4681868492346668,1.3453908906792338,-1.1009302122337519,0.0,1.0,0.0,0.0,0.0,1.0,0.0,0.0,0.0,0.0,1.0,1.0,0.0,0.0,1
0.2332654080154022,0.27390693371309904,1.2285002793614712,1.8890624803685907,-0.7741272796638059,1.0334898761693267,-0.5267187674376032,-1.4382671973857901,1.0474206075558161,1.405119548188536,-0.46423597782437503,1.589525623183338,0.0,1.0,0.0,0.0,0.0,0.0,1.0,0.0,1.0,0.0,0.0,0.0,1.0,0.0,1
-1.48990504222558,-1.5521392910408947,1.513700576369358,1.169967512584582,1.1895087148035666,-0.0709777036754898,-1.2314391934479247,0.26392203259451197,1.548975451548723,1.500798272333893,0.17329101859750334,-0.15962930839265715,0.0,1.0,0.0,0.0,0.0,0.0,1.0,0.0,0.0,1.0,0.0,0.0,1.0,0.0,0
0.6860372355021909,-0.4565115561884984,-1.1957022452055641,1.4576054996981858,-0.8880537903816631,1.1585273899243442,1.5956369341516212,1.4828957824878095,0.2760351624884064,0.23460339369008995,1.4742378965506073,0.12067537980887613,0.0,1.0,0.0,0.0,0.0,0.0,1.0,0.0,0.0,0.0,1.0,1.0,0.0,0.0,1
0.10285539945124614,0.6391161786638978,-1.7661028392213372,-1.4187743714378478,-0.23339643675810648,-1.1222102239517056,0.5832841903916391,-1.3458979686590447,1.2440759187695802,-1.0131139197098293,0.47590932785285706,-1.2519622977374274,0.0,0.0,1.0,0.0,0.0,1.0,0.0,0.0,0.0,1.0,0.0,0.0,1.0,0.0,1
1.9315260813396355,-0.09130231123769969,-0.4827015026858477,0.019415564130168962,-0.026715598730135376,-0.1571443036981304,0.8284340285095705,1.5991983702388213,1.1045499263887877,-0.07177439898416249,1.5271297753378301,0.10603191975360213,0.0,0.0,0.0,0.0,1.0,0.0,0.0,1.0,1.0,0.0,0.0,0.0,0.0,1.0,1
0.11311236641696631,-1.5521392910408947,-0.3401013541819043,-0.6996794036538395,-0.08149442246763043,-0.24698417765598854,1.0421719096541742,-0.17318635912403954,0.20535686683062282,1.636808865188793,-0.09858717301840375,-0.21004201012274468,0.0,0.0,0.0,1.0,0.0,0.0,0.0,1.0,0.0,0.0,1.0,0.0,1.0,0.0,1
1.1754410878665515,0.6391161786638978,-1.0531020967016207,-0.12440342942663285,-1.8508840358290397,1.2614156100998408,-0.6540737669055537,-1.5686950537809436,0.33654353475041765,1.675335261667821,-1.3745364854012385,2.15398624310346,0.0,0.0,0.0,1.0,0.0,1.0,0.0,0.0,0.0,1.0,0.0,0.0,1.0,0.0,1
0.756370723267129,1.0043254236146966,-0.6253016511897911,1.4576054996981858,-0.3651344668507317,-0.42607912574122253,1.6523150304295835,0.3709176165630383,-0.12021968647957491,0.4171539102298889,1.3532678723275826,-0.3055575218403979,0.0,0.0,0.0,0.0,1.0,0.0,0.0,1.0,0.0,0.0,1.0,0.0,1.0,0.0,1
0.25377934194684254,-1.5521392910408947,-1.6235026907173937,1.3137865061413834,-1.546071808038195,0.3430240263166421,-0.7667470908316226,1.2335106799519613,0.5287837785072401,1.8536799569639288,1.211326932590759,-1.2054928133067762,0.0,1.0,0.0,0.0,0.0,0.0,1.0,0.0,0.0,0.0,1.0,1.0,0.0,0.0,1
0.6962942024679111,1.0043254236146966,-0.9105019481976773,-1.4187743714378478,0.5983679114032399,-0.3213451311007659,-1.2447551317300964,-0.8506240402934773,-1.3003592655092384,-0.1881657153353427,-1.1950070724365078,-1.500405705155884,0.0,1.0,0.0,0.0,0.0,0.0,1.0,0.0,0.0,1.0,0.0,0.0,1.0,0.0,0
-1.2847657029111774,1.3695346685654952,0.3728993883378121,-0.2682224229834347,0.2206292740968347,1.00923895819901,-1.159737987313154,-0.8659414936528006,-1.4091324681395208,0.6651814968708234,1.2205153209506778,1.5654775200013735,0.0,0.0,0.0,0.0,1.0,0.0,1.0,0.0,0.0,0.0,1.0,0.0,0.0,1.0,0
-1.5104189761570204,-0.09130231123769969,-1.3383023937095075,1.026148519027781,1.4086240097535454,-0.5504221896975423,0.3039909207809593,1.4272903840195528,1.4941198288383901,1.4139381372635789,-1.0217775365146773,0.8375740347807575,0.0,0.0,1.0,0.0,0.0,0.0,1.0,0.0,1.0,0.0,0.0,0.0,0.0,1.0,0
-1.4737869512794486,-0.8217208011392972,0.8006998338496417,-1.2749553778810467,1.5168373916153448,-0.23870560505572216,-1.2768499573332799,-1.0706725942134743,-0.5844777073796288,-0.31559333836343756,0.8158769517266957,-0.204904948495382,0.0,1.0,0.0,0.0,0.0,0.0,1.0,0.0,0.0,0.0,1.0,0.0,0.0,1.0,0
0.649405210624619,1.0043254236146966,-0.6253016511897911,0.16323455768697015,0.0704075918228461,1.1538307162857824,0.7359053291642232,-0.038256492134603054,1.6388106231138786,-0.9525403440386997,-1.0855172715638777,1.3909447730170708,0.0,0.0,0.0,1.0,0.0,1.0,0.0,0.0,0.0,1.0,0.0,0.0,1.0,0.0,1
-0.008505956176572413,0.27390693371309904,-0.0549010571740175,-0.6996794036538395,0.4158838544126902,-1.5737670680576288,-1.116034395002436,0.7147106063475474,0.08695258261090798,0.5598653449436455,1.1977851864311488,-0.7206018677343783,0.0,0.0,1.0,0.0,0.0,0.0,0.0,1.0,0.0,1.0,0.0,0.0,0.0,1.0,0
-0.04660326204924716,1.0043254236146966,0.9432999823535857,-1.1311363843242448,0.4938512599777132,-1.4769644211180897,1.5669564516977132,1.5293689748239176,1.3385895350146129,-0.009124406609655938,1.618002115634971,-0.09328072974969812,0.0,0.0,1.0,0.0,0.0,1.0,0.0,0.0,0.0,1.0,0.0,0.0,1.0,0.0,0
1.9637622632318987,-0.8217208011392972,1.2285002793614712,1.169967512584582,-0.12283059007322428,1.401255869563944,-1.075403711526066,0.24078173698382122,0.11394238619314945,-1.2821299885608957,-1.3898941897264692,0.48650820557892827,0.0,0.0,0.0,1.0,0.0,0.0,0.0,1.0,0.0,1.0,0.0,0.0,0.0,1.0,1
0.1746541682112871,1.734743913516294,1.2285002793614712,-1.4187743714378478,0.049907541221697785,0.22721538488642473,-0.4536518240431222,0.3671387503221934,0.035995769829952264,0.448430510859407,-1.66427348011609,-0.09144200090911504,0.0,0.0,0.0,1.0,0.0,0.0,0.0,1.0,1.0,0.0,0.0,1.0,0.0,0.0,1
-1.2276197441021655,-0.8217208011392972,-0.0549010571740175,0.594691538357375,-0.570134972862215,0.5394802193693222,1.2791273242138461,0.18526697433425993,1.1888920287958797,-0.6166228920296722,1.0215457295921022,-1.1438251445618461,0.0,0.0,1.0,0.0,0.0,1.0,0.0,0.0,0.0,1.0,0.0,1.0,0.0,0.0,1
-0.37482620495229146,-1.186930046090096,0.6580996853456988,-0.2682224229834347,0.0811617167283663,-1.0007363341636903,-1.3594770615457306,-0.3123366182711012,-0.1495347165106779,1.0918211907582667,-1.1204094145001844,-0.2747523602573416,0.0,0.0,0.0,0.0,1.0,0.0,1.0,0.0,1.0,0.0,0.0,1.0,0.0,0.0,0
1.6619143782407064,-1.186930046090096,-1.4809025422134503,0.8823295254709785,1.5064193331131217,0.728132989684003,-1.4591758815045548,-0.33491788510006104,-0.1351682524117761,-0.9473355254426533,0.16953860781382002,-1.3194211619747231,0.0,0.0,0.0,1.0,0.0,0.0,1.0,0.0,0.0,1.0,0.0,1.0,0.0,0.0,0
0.4984812681290228,1.0043254236146966,-1.3383023937095075,0.3070535512437719,0.12014541951087779,1.6044007106777667,1.4993524573420718,-1.5861812928018781,-1.4002422145117044,1.1724517224662037,-1.2096433352932883,1.0288976993690353,0.0,0.0,1.0,0.0,0.0,1.0,0.0,0.0,0.0,1.0,0.0,1.0,0.0,0.0,0
1.5534835846030939,-1.5521392910408947,0.5154995368417549,0.16323455768697015,-0.16551102329200887,-1.3152855429844095,1.2210834906761743,0.0302221058824038,-0.14010530298808885,0.24637764430939346,1.5986232521397106,0.04404109925650622,0.0,0.0,1.0,0.0,0.0,1.0,0.0,0.0,0.0,0.0,1.0,0.0,1.0,0.0,1
1.05235748427791,-1.5521392910408947,-0.1975012056779609,-0.5558604100970382,0.7092698244914193,-0.9085389858891999,0.44807620168035645,-0.08526864389259012,-0.923743832602242,0.8387908458061337,-1.661937718034092,-0.8852699353788537,0.0,0.0,0.0,0.0,1.0,1.0,0.0,0.0,0.0,0.0,1.0,1.0,0.0,0.0,0
-0.5711738582960768,0.27390693371309904,-0.767901799693734,1.169967512584582,-0.027723797940027953,-1.509365986725755,1.2480568015554454,-0.5009118841495308,-0.45481881820591974,-1.5406968559682914,-0.2512670664361382,-0.9140799228384221,0.0,0.0,1.0,0.0,0.0,0.0,1.0,0.0,0.0,0.0,1.0,0.0,1.0,0.0,1
-1.3492380666957038,1.0043254236146966,1.0859001308575285,1.3137865061413834,0.29758848045196507,-0.6843413508780111,-1.5465830661259903,-1.5479358906070904,-1.2711727432052649,1.1502014232325144,-0.9542911866174753,0.9701868781774534,0.0,0.0,0.0,0.0,1.0,0.0,0.0,1.0,0.0,0.0,1.0,0.0,0.0,1.0,0
-0.6971880238749241,-1.186930046090096,-0.767901799693734,-0.9873173907674431,0.28885075396623,-1.37888252454937,-1.3601599301755853,0.3184258821662807,1.4227948593953028,0.7440715547615531,0.8149041496789645,-1.4967029092707236,0.0,0.0,1.0,0.0,0.0,0.0,1.0,0.0,0.0,1.0,0.0,0.0,1.0,0.0,0
0.71094701241894,0.6391161786638978,0.9432999823535857,-0.9873173907674431,1.146156148778187,0.2968248397085328,-0.535937493940645,-1.2373311480335842,1.4642490983139647,0.11668461462618492,-0.5878870798766686,0.7723434375118016,0.0,0.0,1.0,0.0,0.0,0.0,0.0,1.0,0.0,1.0,0.0,1.0,0.0,0.0,0
0.07648034153939441,0.27390693371309904,-0.4827015026858477,-0.9873173907674431,-0.34665081466936853,0.6758299548452333,1.7397222150510185,-1.5778580113515766,0.7427246513741129,0.304609864092469,0.6951924535985832,-0.003688994788161709,0.0,0.0,0.0,0.0,1.0,0.0,0.0,1.0,0.0,1.0,0.0,1.0,0.0,0.0,1
1.869984279545315,0.6391161786638978,1.2285002793614712,-1.2749553778810467,-0.6205449333568421,-0.02993206557350673,1.293808999755728,1.4446694785548175,-1.0127863277911258,0.19999244510834566,-1.0481276904448211,-0.4963908422711563,0.0,0.0,0.0,1.0,0.0,1.0,0.0,0.0,1.0,0.0,0.0,1.0,0.0,0.0,1
-1.6027316788485015,-1.186930046090096,0.5154995368417549,1.7452434868117894,-1.8152609970795033,1.0561508696005197,-0.11870476109926281,-1.1766320165547133,-0.4257604855406473,0.8172675396951994,0.8457974020402462,0.6218812905180059,0.0,0.0,0.0,0.0,1.0,0.0,0.0,1.0,0.0,1.0,0.0,0.0,1.0,0.0,1
0.3797935075256898,0.6391161786638978,0.08769909132992527,-1.5625933649946497,-0.1100600667479189,-0.01849191888969486,1.4355042404506326,-0.7541020725737742,-0.9757357051458017,0.6080782712667189,-0.5058928928555531,-0.5882121238870334,0.0,0.0,1.0,0.0,0.0,0.0,0.0,1.0,0.0,1.0,0.0,1.0,0.0,0.0,1
-0.27958294027060443,-0.8217208011392972,1.6563007248733022,0.7385105319141774,-1.8572692974916925,-1.4731449472252514,1.2477153672405177,1.3108191489058996,1.583473096426798,-0.34271569257721735,-1.1983333294225533,1.855354445297941,0.0,0.0,1.0,0.0,0.0,1.0,0.0,0.0,1.0,0.0,0.0,1.0,0.0,0.0,1
1.5007334687793898,0.6391161786638978,0.08769909132992527,-1.2749553778810467,1.438197853243727,1.341149411987175,0.47163516941035255,-1.3167462523734588,-1.356932247672022,0.7129298964900966,0.6169576934938291,1.2400575181256008,0.0,0.0,0.0,1.0,0.0,0.0,0.0,1.0,1.0,0.0,0.0,0.0,1.0,0.0,0
-0.3411247420649252,-0.09130231123769969,1.798900873377245,-0.8434983972106412,1.6233704414606567,-1.4795960203552603,-1.3386495683351538,1.1813073616782626,-1.352681631935199,-1.2241030083328843,-0.1647053770441452,1.1814287548804931,0.0,0.0,1.0,0.0,0.0,0.0,1.0,0.0,1.0,0.0,0.0,1.0,0.0,0.0,0
-0.556521048345048,1.3695346685654952,1.3711004278654153,0.16323455768697015,-1.6872196974231506,0.6374707409645286,-0.9743391543075314,1.4258622224764144,-0.8012400246516226,0.25787070614069246,-0.0474923393435059,-0.330240775865438,0.0,0.0,0.0,1.0,0.0,0.0,1.0,0.0,0.0,0.0,1.0,0.0,1.0,0.0,1
0.18051529219169873,-1.5521392910408947,-1.7661028392213372,0.16323455768697015,1.6052228556825912,-0.609066647698105,-1.4905878384778832,-1.4894460072088909,-1.3772091129537352,-1.5268423028709022,0.7673317196557362,0.5626752071680717,0.0,1.0,0.0,0.0,0.0,0.0,0.0,1.0,0.0,0.0,1.0,0.0,1.0,0.0,0
-0.4392985687368179,-1.186930046090096,-1.6235026907173937,0.594691538357375,1.2587383938828545,0.9264349572016431,-0.04632068633463683,-1.1998982312135191,-0.45995976346810025,-0.02003954776611182,1.226290818338494,0.37216685252086606,0.0,0.0,1.0,0.0,0.0,0.0,0.0,1.0,0.0,0.0,1.0,0.0,1.0,0.0,0
-0.2195064194713865,-0.4565115561884984,1.0859001308575285,-0.6996794036538395,1.3165418152500268,-1.329741063794146,-1.5479488033857,-0.8130723258110528,-1.6788749587179457,0.3436039665455127,0.8244366335891661,1.223219443436485,0.0,1.0,0.0,0.0,0.0,1.0,0.0,0.0,1.0,0.0,0.0,1.0,0.0,0.0,0
-1.374147843612453,-1.5521392910408947,-0.1975012056779609,-0.9873173907674431,-1.5927850380965491,-1.0059264326592217,-1.1440320088264897,1.085625717477596,1.1000381600480627,-1.3882215291685625,-0.8263010640800883,1.7135893717583977,0.0,1.0,0.0,0.0,0.0,0.0,1.0,0.0,0.0,0.0,1.0,0.0,0.0,1.0,1
-0.792431288556611,0.27390693371309904,0.8006998338496417,-0.9873173907674431,-0.9673654615598762,-0.6006601501349207,1.3559500450725295,-0.6625307627508898,-1.1138455678206645,0.4653177344907352,-0.6617767185113976,-0.8617382976150053,0.0,1.0,0.0,0.0,0.0,0.0,1.0,0.0,0.0,1.0,0.0,0.0,0.0,1.0,1
-1.2085710911658278,-0.09130231123769969,0.5154995368417549,0.019415564130168962,0.24045719189138812,-1.2001713513528902,-0.6667068365578706,-0.883149351230603,-0.7122376086053578,0.7520564685354784,0.9811694112985857,0.6491373895833786,0.0,0.0,0.0,1.0,0.0,0.0,1.0,0.0,0.0,0.0,1.0,0.0,1.0,0.0,0
-1.3580297526663212,-1.186930046090096,0.23029923983386869,-1.5625933649946497,0.7176714845738572,0.32060060781658273,-0.6885586327132294,-0.13513258694591926,-1.3861709364790886,-1.1144609293982957,-0.024480949418516675,-0.08428811739476445,0.0,0.0,1.0,0.0,0.0,0.0,1.0,0.0,0.0,1.0,0.0,1.0,0.0,0.0,0
-0.46274306465846393,-0.8217208011392972,-0.3401013541819043,-0.41204141654023646,-1.2328579201649121,-0.5792966813276106,1.4949138112480147,0.7858668454082628,-1.049870985898834,-1.4197835576130404,0.9332544109713086,1.5534826087059923,0.0,0.0,0.0,0.0,1.0,0.0,0.0,1.0,0.0,1.0,0.0,0.0,0.0,1.0,1
0.2845502428440028,-0.09130231123769969,0.23029923983386869,-1.1311363843242448,-1.6563015883197794,1.737826447001266,-0.026176061753915313,0.33690814409479514,0.5298038881134668,-1.2208499083972937,0.07596780188034857,-0.18191766555317967,0.0,0.0,0.0,1.0,0.0,0.0,0.0,1.0,0.0,0.0,1.0,1.0,0.0,0.0,1
1.5608099895786078,-1.5521392910408947,0.08769909132992527,1.3137865061413834,0.6964993011661139,0.933050505283975,-0.23445099385967905,0.8055752804839691,-1.2471389354355131,0.05618486867451799,0.35027479559850583,0.06576078357630563,0.0,0.0,0.0,0.0,1.0,0.0,1.0,0.0,1.0,0.0,0.0,0.0,0.0,1.0,0
0.12190405238758364,0.6391161786638978,1.513700576369358,-1.4187743714378478,0.22701453575948738,-1.6889543596679584,0.6205005307187347,-1.6106536112480228,0.7584191346828668,-0.9568415433888734,-1.6215406563917956,0.9218506132443318,0.0,0.0,0.0,0.0,1.0,0.0,1.0,0.0,1.0,0.0,0.0,1.0,0.0,0.0,0
1.2824066005090615,-1.5521392910408947,1.3711004278654153,1.8890624803685907,-0.08754361772698543,-0.020027018444711,0.06430403170186721,0.34665699749341483,-0.07407237081309614,-0.5329363751395453,-0.8703773246868579,-0.6812102085330026,0.0,0.0,0.0,1.0,0.0,0.0,1.0,0.0,0.0,0.0,1.0,0.0,0.0,1.0,1
1.075801980199556,-1.186930046090096,0.8006998338496417,1.601424493254987,0.3516951713828647,-1.3641894288085,0.5245574882241121,1.0027560936480613,0.9239145029512416,0.9370101601064225,-0.31206033081144524,-0.7191313791583782,0.0,0.0,0.0,0.0,1.0,1.0,0.0,0.0,0.0,0.0,1.0,1.0,0.0,0.0,0
-0.20338832852525496,-0.09130231123769969,0.23029923983386869,0.45087254480057376,1.0117295874591816,-1.4554364773584563,-0.7667470908316226,-1.214616193372051,1.4094497772563586,-0.5840632792418227,1.3694952720551592,-1.5040500095183738,0.0,0.0,1.0,0.0,0.0,0.0,1.0,0.0,0.0,1.0,0.0,0.0,1.0,0.0,0
-0.9389593880668987,0.27390693371309904,0.08769909132992527,-1.5625933649946497,-0.4834298408114566,-0.3245067051843114,-0.3215167441661867,0.1163228966483865,0.14750039783867722,-0.9558944741167135,-1.0350749382276758,-0.1936254656137424,0.0,0.0,1.0,0.0,0.0,1.0,0.0,0.0,0.0,0.0,1.0,0.0,0.0,1.0,1
-0.3000968742020448,-1.186930046090096,0.08769909132992527,0.45087254480057376,0.7001960316023866,-0.5387444680825968,1.7670369602452174,0.6847172717455154,1.635435704834473,1.877558395800521,1.3257606666046922,-1.0220540325509433,0.0,1.0,0.0,0.0,0.0,0.0,0.0,1.0,0.0,1.0,0.0,0.0,1.0,0.0,0
0.22447372204478486,0.6391161786638978,1.513700576369358,0.594691538357375,-0.8571356812782918,1.6635203185405965,1.512326961309316,0.3011807991629434,0.3532450860396216,1.4981319243793012,-0.11975484529632763,-0.8908341293207491,0.0,1.0,0.0,0.0,0.0,0.0,0.0,1.0,0.0,1.0,0.0,0.0,1.0,0.0,1
0.01054269675976509,-1.186930046090096,-0.0549010571740175,1.169967512584582,-1.6065637606317473,0.9086168373666326,-0.5311574135316605,-1.3241858345914916,-1.38575169592374,1.7909384722576474,1.0857049073555212,2.58695963398179,0.0,0.0,1.0,0.0,0.0,1.0,0.0,0.0,1.0,0.0,0.0,0.0,1.0,0.0,1
0.09699427547083476,-0.4565115561884984,0.5154995368417549,0.45087254480057376,1.422738798692041,0.09523337314442877,1.4098966668310715,0.1495373635069408,-0.4601308950453237,0.03394057472901584,-1.0459322510163074,-1.4454874080245566,0.0,0.0,0.0,1.0,0.0,0.0,0.0,1.0,0.0,1.0,0.0,0.0,0.0,1.0,0
-0.9404246690620015,1.0043254236146966,0.3728993883378121,1.8890624803685907,0.871925963687416,0.47113173918169193,0.2305825430715506,1.0697087729174817,-1.3276751097358142,-0.07758363217351939,0.40849374938088895,0.47398462158467397,0.0,0.0,1.0,0.0,0.0,0.0,1.0,0.0,0.0,1.0,0.0,1.0,0.0,0.0,0
1.503664030769596,1.0043254236146966,-0.767901799693734,-1.5625933649946497,1.6526082185475406,-0.5135067003983409,0.8704304492456509,0.6485645858645056,-0.08319705561639575,0.9417670548542413,0.9765433394723418,-0.8427281858691207,0.0,0.0,0.0,0.0,1.0,0.0,1.0,0.0,1.0,0.0,0.0,1.0,0.0,0.0,0
1.219399517719638,0.6391161786638978,0.08769909132992527,-1.5625933649946497,-1.7339329274815052,-1.1860082304583945,-0.22113505557750726,1.0617318497743327,0.06112443798779919,0.47557865248716286,-1.01495236466896,-0.6133603629051684,0.0,0.0,0.0,0.0,1.0,0.0,0.0,1.0,1.0,0.0,0.0,1.0,0.0,0.0,1
-1.4254326784410536,1.734743913516294,-0.3401013541819043,0.3070535512437719,0.2041620203352562,-0.8864262422990842,0.8270682912498609,0.6609289300311596,-0.05734378200704084,0.17369246212380418,-0.8592747523038813,-0.9798877868337454,0.0,0.0,0.0,0.0,1.0,0.0,0.0,1.0,0.0,1.0,0.0,0.0,1.0,0.0,0
-1.4356896454067738,1.734743913516294,1.2285002793614712,-1.5625933649946497,-0.29960151820771663,-1.057626392672806,-0.34849005504545794,-0.829123929301799,-0.22081833445741084,0.39537908851963427,0.12731308098678965,-0.7721556377574491,0.0,0.0,1.0,0.0,0.0,0.0,1.0,0.0,1.0,0.0,0.0,1.0,0.0,0.0,1
-0.8935356772187094,-0.4565115561884984,1.0859001308575285,1.4576054996981858,1.0607952823406188,-0.2730077701124552,0.5761140697781619,0.4680542893530991,-1.136727259284287,0.9814344560886121,-0.11510192913637672,-0.8862447254413163,0.0,0.0,0.0,0.0,1.0,0.0,1.0,0.0,0.0,0.0,1.0,1.0,0.0,0.0,0
0.41496025140815884,1.734743913516294,-1.7661028392213372,-1.5625933649946497,-0.054273043800531745,0.8438502561407071,1.0537806763617086,0.5309969810440048,0.838240564273096,-1.0593016509052307,-0.7176614354580167,0.5806214059784338,0.0,1.0,0.0,0.0,0.0,0.0,0.0,1.0,1.0,0.0,0.0,0.0,1.0,0.0,1
1.8978246184522694,1.0043254236146966,1.3711004278654153,0.8823295254709785,0.5479579509086129,-1.5038286633308746,-1.5158539777825168,1.538697342763668,-1.4104506266079322,1.745343851583677,-0.13482275283718567,-0.6681140974363474,0.0,0.0,1.0,0.0,0.0,1.0,0.0,0.0,0.0,0.0,1.0,0.0,0.0,1.0,0
0.5673494748988579,-0.09130231123769969,0.08769909132992527,0.019415564130168962,-0.42730675146077174,0.16169952887769387,-1.0863296096037451,1.340618587595796,0.24461152423164906,-1.5126553394098048,0.9953368134631805,1.5156671142432256,0.0,0.0,0.0,1.0,0.0,0.0,0.0,1.0,1.0,0.0,0.0,0.0,0.0,1.0,1
-1.6085928028289131,0.27390693371309904,-0.0549010571740175,-0.5558604100970382,-0.5130036843016379,-0.35502594633761136,0.5692853834796122,1.187478366133929,0.1132549970883616,-0.4165634279051694,0.9976167515330342,0.20163607478280268,0.0,0.0,1.0,0.0,0.0,1.0,0.0,0.0,0.0,0.0,1.0,1.0,0.0,0.0,1
0.47796733419758247,-0.8217208011392972,-1.4809025422134503,-1.4187743714378478,-0.2253308430789661,-1.0844723598908885,0.25653155100603936,1.5394858743863076,0.8246263793194144,0.6160041919155236,-0.48527217387696836,-0.14168537193218142,0.0,0.0,0.0,0.0,1.0,0.0,1.0,0.0,0.0,1.0,0.0,1.0,0.0,0.0,1
-0.3411247420649252,0.27390693371309904,-1.0531020967016207,-0.6996794036538395,1.2446236049443589,0.015225446336555912,-1.00301963676144,-0.30867913928743784,-0.4569159752479655,1.077436052787031,0.7453693940901563,-0.05838381296411363,0.0,0.0,0.0,1.0,0.0,0.0,1.0,0.0,1.0,0.0,0.0,1.0,0.0,0.0,0
0.29041136682441443,-1.186930046090096,-0.3401013541819043,0.7385105319141774,0.7371633359651134,0.44578432152922076,1.145626507077201,-0.24574712967516343,-0.02954189865408354,-1.5388740743777118,-0.24124619868196812,-0.603708102504093,0.0,1.0,0.0,0.0,0.0,0.0,0.0,1.0,0.0,1.0,0.0,0.0,1.0,0.0,0
0.9790934345227661,-0.8217208011392972,-0.1975012056779609,1.7452434868117894,0.8100897454806735,0.11102296856745365,-0.5414004429794849,1.2901684250151269,-1.7118511866186024,-1.4903213193937586,-0.3879779368382508,1.6558462184736584,0.0,0.0,0.0,0.0,1.0,0.0,1.0,0.0,0.0,0.0,1.0,0.0,0.0,1.0,0
1.4157471710634233,-0.09130231123769969,1.0859001308575285,-0.9873173907674431,1.2745335148378376,1.2040686767231608,1.8138134613902819,-0.8773625779063295,-0.774353599810269,0.5264063519368773,-0.9841030393992009,-0.6152521318055804,0.0,0.0,0.0,1.0,0.0,0.0,1.0,0.0,0.0,0.0,1.0,1.0,0.0,0.0,0
-0.5008403705311387,-0.09130231123769969,0.6580996853456988,0.7385105319141774,0.5015807872535561,1.6666453426347367,0.14795543885910026,0.2643836278711482,0.2555636270853917,1.7922787112798677,-1.2260253949889426,0.21068429864802513,0.0,1.0,0.0,0.0,0.0,0.0,0.0,1.0,0.0,1.0,0.0,1.0,0.0,0.0,0
1.474358410867538,-0.09130231123769969,-0.3401013541819043,-1.2749553778810467,-0.6833893507734774,1.1089107793068533,-1.4574687099299175,1.3462240892826818,-0.6112168572762744,-1.528188547181309,0.8329600145912752,1.8544596271594587,0.0,0.0,0.0,0.0,1.0,0.0,1.0,0.0,0.0,0.0,1.0,0.0,0.0,1.0,1
-0.2751870972852959,1.3695346685654952,-0.0549010571740175,-0.8434983972106412,1.33771399865777,-1.5315152803052756,-1.0129212318943368,0.4484934611821246,1.0042757286131179,-1.1027287157962948,1.5844131430805768,-0.07209739732644253,0.0,0.0,0.0,0.0,1.0,0.0,0.0,1.0,1.0,0.0,0.0,1.0,0.0,0.0,0
1.3175733443915303,-0.4565115561884984,0.23029923983386869,-1.1311363843242448,0.5570317437976456,0.200680092578286,1.7772799896930418,-0.9813995497931938,1.4387673519949322,-0.09147457025227072,-1.6989176180148253,1.8689962371293023,0.0,1.0,0.0,0.0,0.0,0.0,1.0,0.0,1.0,0.0,0.0,0.0,1.0,0.0,0
1.5857197664953568,-1.186930046090096,-1.1957022452055641,-0.5558604100970382,-1.4062681842664293,1.3316829647312416,0.029136297264336593,-0.38850631290301846,-0.9887954619598961,-1.6125783892936927,-0.7072080078720224,-0.6758591676699776,0.0,0.0,1.0,0.0,0.0,1.0,0.0,0.0,0.0,1.0,0.0,1.0,0.0,0.0,1
0.3094600197607517,0.6391161786638978,1.6563007248733022,1.026148519027781,-1.0046688323259003,0.36131729601391954,-1.3219192869037075,0.5332515470340239,0.31549212413313693,-0.8666071428625094,-1.3758329446997233,0.5730469664887379,0.0,0.0,1.0,0.0,0.0,0.0,1.0,0.0,1.0,0.0,0.0,0.0,0.0,1.0,1
1.3586012122544109,-1.186930046090096,0.23029923983386869,0.16323455768697015,-0.40210177121345825,-0.03451908924385301,1.4283341198371557,1.1100242324713747,0.46820192781709125,0.16891083971874968,1.0757517605341171,-0.6468860847399297,0.0,0.0,0.0,0.0,1.0,0.0,0.0,1.0,0.0,0.0,1.0,0.0,0.0,1.0,1
-0.5213543044625789,1.0043254236146966,-1.3383023937095075,0.3070535512437719,-1.2093332719340861,1.0943456085289012,1.033636051780987,-1.3665480451511123,-1.7367695983219096,0.7004148759104346,-1.2725036133642464,0.25148639289866054,0.0,0.0,0.0,0.0,1.0,0.0,0.0,1.0,0.0,1.0,0.0,0.0,0.0,1.0,1
0.9629753435766345,-1.5521392910408947,1.6563007248733022,-0.41204141654023646,-1.7984576769146274,0.22312178607304795,0.3736435210261655,0.4266100901571106,0.053954088519908565,-0.563682037642971,-0.6429094226028613,-0.6504494351792067,0.0,0.0,0.0,0.0,1.0,0.0,0.0,1.0,1.0,0.0,0.0,0.0,0.0,1.0,1
-1.0092928758318367,0.6391161786638978,-1.6235026907173937,-0.6996794036538395,1.4378617868404293,1.4637380764520478,0.9462288671595517,0.4778461947656003,1.15510340303607,1.2038275869769146,0.16427620325895778,-0.8980172985343571,0.0,0.0,0.0,0.0,1.0,0.0,1.0,0.0,1.0,0.0,0.0,1.0,0.0,0.0,0
-1.491370323220683,0.27390693371309904,0.5154995368417549,1.169967512584582,0.07208792383933357,1.3675385043376933,0.028453428634481765,-0.7988162826285096,-1.3092444297221182,1.6788769686885865,0.23441739675020928,1.2169367255964894,0.0,0.0,0.0,1.0,0.0,0.0,1.0,0.0,0.0,1.0,0.0,0.0,0.0,1.0,1
1.0860589471652762,-0.4565115561884984,1.0859001308575285,0.7385105319141774,-1.2788990174166717,0.907264487758642,-0.8333267822424815,-1.1551085992096561,-1.3320389649549609,-0.9619746517789336,-0.4473091001741117,-1.0872332246854337,0.0,0.0,0.0,1.0,0.0,0.0,1.0,0.0,1.0,0.0,0.0,0.0,1.0,0.0,1
-1.491370323220683,-0.09130231123769969,-1.3383023937095075,0.45087254480057376,1.4620585678778502,0.30881323623342183,0.2937478913331347,-0.4398595966771054,1.662364435437479,1.1015917946369176,1.3103315807557356,-0.4934195266227474,0.0,0.0,0.0,0.0,1.0,1.0,0.0,0.0,0.0,0.0,1.0,1.0,0.0,0.0,0
0.9527183766109144,1.734743913516294,1.798900873377245,1.026148519027781,-1.1380871944350133,0.49892800612430843,1.3320496430276056,1.2646741877132062,1.454347323467627,1.511518418250428,0.39392429230914117,-1.013645911536897,0.0,1.0,0.0,0.0,0.0,0.0,1.0,0.0,1.0,0.0,0.0,1.0,0.0,0.0,1
0.20542506910844763,1.734743913516294,-0.6253016511897911,1.026148519027781,0.11174375942843995,1.6666818926241418,-1.356404152711383,1.3427058010205837,-0.23475887814385937,0.7197819303103422,1.1705372725679553,-0.16480021717292115,0.0,0.0,0.0,0.0,1.0,0.0,1.0,0.0,0.0,1.0,0.0,0.0,1.0,0.0,0
1.6238170723680314,1.0043254236146966,0.5154995368417549,1.3137865061413834,0.3103590037772709,-0.8144044881762366,-0.3023964225302479,-0.9045089767033058,-1.4819111017236861,-0.8294255776849038,-1.1999949326693375,-1.9058945602680346,0.0,1.0,0.0,0.0,0.0,0.0,1.0,0.0,0.0,0.0,1.0,1.0,0.0,0.0,0
0.5629536319135493,-1.186930046090096,0.8006998338496417,0.16323455768697015,-1.5779981163514587,-0.17607719820999804,1.7864987161960835,-1.3332711043175298,-0.25027745854889044,-0.5451744459581563,1.0490633069893804,-0.27216065990099253,0.0,0.0,1.0,0.0,0.0,1.0,0.0,0.0,0.0,1.0,0.0,0.0,1.0,0.0,1
-0.27225653529509,-0.8217208011392972,-1.6235026907173937,0.019415564130168962,1.2990663622785563,1.246448389438432,0.3162825561183486,1.1867820888267466,-1.1015183686689134,-0.0579470463097338,0.9362637217900285,0.8718868954974516,0.0,0.0,0.0,0.0,1.0,1.0,0.0,0.0,0.0,1.0,0.0,1.0,0.0,0.0,0
-0.1579646176770657,1.0043254236146966,0.23029923983386869,-1.1311363843242448,1.51885379003513,-1.1068592284015428,0.812386615707979,0.19422567761347836,1.4057437289176822,0.49857925949185633,-0.5090324597026111,0.12233268905563115,0.0,0.0,1.0,0.0,0.0,0.0,1.0,0.0,0.0,0.0,1.0,0.0,0.0,1.0,0
0.16586248224067002,-1.186930046090096,0.08769909132992527,-0.6996794036538395,-1.390473063311446,-1.517882134257155,1.5474946957468465,-0.9436681821701426,-1.0066548551470313,-0.27823267429698995,-0.8868945211988026,-1.481352393739582,0.0,0.0,0.0,1.0,0.0,0.0,0.0,1.0,0.0,0.0,1.0,0.0,1.0,0.0,1
0.17611944920638994,-1.186930046090096,1.513700576369358,1.4576054996981858,-0.003190950499309321,1.0228538292524283,-0.6212960726725154,0.8399281979651928,1.3373143184847236,0.624027963436536,0.11591583103149701,-0.7108291645718066,0.0,0.0,0.0,0.0,1.0,0.0,0.0,1.0,0.0,1.0,0.0,0.0,1.0,0.0,1
0.2156820360741678,-0.09130231123769969,0.3728993883378121,1.026148519027781,1.5437227038791463,-0.8989628886650506,-1.5476073690707728,-1.2486894346127324,0.5444944843261021,-0.054226946904618836,1.481423026507435,-0.3349144296102758,0.0,0.0,1.0,0.0,0.0,1.0,0.0,0.0,0.0,1.0,0.0,0.0,1.0,0.0,0
0.7812805001838776,1.0043254236146966,0.08769909132992527,-1.1311363843242448,-0.27473260436370056,0.443189272281455,-0.36897611394110663,0.28747860557249244,1.5232726337684122,0.996637373009886,-0.07965886726052496,-0.19298078136549784,0.0,1.0,0.0,0.0,0.0,1.0,0.0,0.0,0.0,0.0,1.0,0.0,0.0,1.0,1
-0.45395137868784663,-1.5521392910408947,0.3728993883378121,-1.5625933649946497,0.9109096664699275,-1.51614600976041,0.05371956793911522,-0.764947943077947,1.3534748013485496,0.6775983133260299,-1.0431392201134997,1.173958037455728,0.0,0.0,1.0,0.0,0.0,0.0,0.0,1.0,0.0,0.0,1.0,0.0,0.0,1.0,0
-0.8993968011991209,-0.4565115561884984,-0.767901799693734,0.3070535512437719,0.34026891367074963,-0.5233569225430288,0.7253208654014712,0.8058310029724273,-0.49190315822519526,1.7922903686039928,1.5055249674893845,0.47074880169253913,0.0,0.0,0.0,1.0,0.0,0.0,1.0,0.0,0.0,1.0,0.0,0.0,0.0,1.0,0
0.3988421604620273,-0.09130231123769969,-0.767901799693734,-1.4187743714378478,0.9892131384382487,-0.8529830019933722,0.4784638557089023,0.1433621509596924,-1.1411738174961468,-0.9808697611778687,0.8489272073114128,0.720291821797988,0.0,0.0,0.0,1.0,0.0,0.0,0.0,1.0,0.0,0.0,1.0,0.0,1.0,0.0,0
-1.5250717861080492,-0.8217208011392972,0.9432999823535857,0.7385105319141774,0.8742784285104989,-0.28411896689162086,0.1609299428263444,-1.5789676527318763,-0.5649811130252806,-0.6839442921084085,-0.7398778670460997,-1.1364337931684088,0.0,1.0,0.0,0.0,0.0,0.0,0.0,1.0,0.0,0.0,1.0,0.0,0.0,1.0,0
-1.419571554460642,-0.8217208011392972,-1.1957022452055641,-1.4187743714378478,-1.7416624547573478,0.20822766539044965,-1.3792802518115244,0.10534139611552445,1.378065263876922,-0.776153019438987,0.2365103396318341,-0.43329086207961165,0.0,1.0,0.0,0.0,0.0,1.0,0.0,0.0,0.0,0.0,1.0,0.0,1.0,0.0,1
-0.6459031890463235,0.6391161786638978,1.513700576369358,-0.8434983972106412,-0.812102783236425,-1.1370495196501966,-1.5158539777825168,-1.316899685866534,1.4715320510873182,1.3219745669918894,0.7016320431964714,0.9757390185588062,0.0,0.0,0.0,0.0,1.0,1.0,0.0,0.0,0.0,0.0,1.0,0.0,0.0,1.0,1
1.1666494018959344,-0.09130231123769969,1.0859001308575285,-0.8434983972106412,1.1222954341440639,0.31902895827216105,-0.10846173165143846,-0.8031150100294354,-0.39071636473382065,-0.4004618372694715,-1.014209569753238,-1.339092389515409,0.0,0.0,0.0,0.0,1.0,0.0,0.0,1.0,0.0,0.0,1.0,1.0,0.0,0.0,0
-0.1242631547896995,-1.186930046090096,-0.4827015026858477,0.3070535512437719,0.5963515129834548,0.8643548001969962,0.9257428082639031,-0.005846094467608313,1.1617590854185642,0.1290198298125111,-1.1112188907955354,0.6014064922519514,0.0,1.0,0.0,0.0,0.0,1.0,0.0,0.0,0.0,1.0,0.0,0.0,0.0,1.0,0
-0.30156215519714763,-0.8217208011392972,-0.9105019481976773,-1.2749553778810467,-0.7032172685680306,-1.2133110725440417,0.18005026446228345,1.5867644307113842,0.540431858853476,1.4827138768400703,-0.47861142357522446,-0.9507350053807448,0.0,0.0,0.0,0.0,1.0,0.0,0.0,1.0,0.0,1.0,0.0,0.0,0.0,1.0,1
-0.4099929488347605,-1.5521392910408947,0.6580996853456988,1.601424493254987,0.9912295368580334,0.9791217669291664,1.2654699516167471,-1.574307676853583,-0.07890445220635314,0.229109261504376,-0.2603874288140451,-0.08716903131648072,0.0,0.0,1.0,0.0,0.0,0.0,0.0,1.0,0.0,1.0,0.0,0.0,0.0,1.0,0
-0.10814506384356795,0.27390693371309904,-1.3383023937095075,-0.6996794036538395,0.2737277658178418,1.5291991074766709,1.2262050054000866,0.02404268524357343,-1.472563436928503,0.061017006150784765,0.9152952466702056,0.8159233142407972,0.0,0.0,1.0,0.0,0.0,0.0,0.0,1.0,1.0,0.0,0.0,0.0,1.0,0.0,0
0.664058020575648,-0.8217208011392972,0.5154995368417549,-1.2749553778810467,0.9475409044293567,0.24633102934531814,0.06191399149737484,-0.8077717489142033,0.21141836001934358,-0.7061642116489197,1.3311572928281026,-0.7194263522596732,0.0,1.0,0.0,0.0,0.0,0.0,1.0,0.0,0.0,1.0,0.0,1.0,0.0,0.0,0
0.49115486315350837,-1.5521392910408947,-0.3401013541819043,-1.1311363843242448,-1.2745301541738039,1.5966155629344698,-0.4758450545134084,-0.9354598139899716,0.8395749452516156,0.5362317099136958,1.0404853221721109,-0.517658073260468,0.0,0.0,1.0,0.0,0.0,0.0,1.0,0.0,0.0,1.0,0.0,0.0,0.0,1.0,1
-0.5316112714282991,-0.09130231123769969,0.08769909132992527,0.019415564130168962,-1.6398343345582012,0.04462991281299919,0.7847304361988529,-0.27418962067946767,-0.37742344909797376,1.8223916990102844,-0.1660945713136272,0.12533786280205675,0.0,1.0,0.0,0.0,0.0,1.0,0.0,0.0,0.0,1.0,0.0,0.0,1.0,0.0,1
-0.2370897914126209,1.3695346685654952,-1.0531020967016207,0.8823295254709785,-1.613621155100995,1.0578687191025615,-1.0142869691540466,1.0358236010005897,-0.5964101587854119,-0.4271231973019127,-1.298144832845058,-0.09015663837649639,0.0,0.0,0.0,0.0,1.0,0.0,1.0,0.0,0.0,1.0,0.0,0.0,1.0,0.0,1
0.38418935051099834,1.0043254236146966,1.0859001308575285,0.7385105319141774,0.8450406514236151,1.5681248461931554,-1.3181635094395052,0.8220056122171155,1.6492719155147357,-0.25740810112911144,0.8214968739986965,-0.48416404329749624,0.0,0.0,0.0,1.0,0.0,1.0,0.0,0.0,0.0,1.0,0.0,0.0,1.0,0.0,0
1.8011160727754796,0.27390693371309904,-0.3401013541819043,1.4576054996981858,-1.4795306601852871,-1.530254305670798,-1.055600521260272,1.0639375371621265,0.07176958550321905,0.5316595660906589,-0.8579962909109544,-0.8025619028093972,0.0,0.0,0.0,0.0,1.0,0.0,1.0,0.0,0.0,1.0,0.0,1.0,0.0,0.0,1
-0.20338832852525496,-0.8217208011392972,-0.6253016511897911,-0.9873173907674431,-0.34631474826607106,-1.6711545148276505,0.49929134891947863,-1.3614617572256043,0.5801467902177724,1.3710844007681564,1.2065343038758156,1.0866814207970872,0.0,0.0,0.0,1.0,0.0,1.0,0.0,0.0,0.0,0.0,1.0,1.0,0.0,0.0,1
-0.6810699329287925,-0.8217208011392972,0.08769909132992527,1.4576054996981858,1.2973860302620683,1.4713952992324266,-0.31366375492285475,-0.14631445737796617,-0.5516509810427136,1.8304490294946885,0.24865984102949415,0.18499381098773768,0.0,0.0,1.0,0.0,0.0,0.0,1.0,0.0,0.0,0.0,1.0,1.0,0.0,0.0,0
1.823095287702023,-0.09130231123769969,1.513700576369358,1.3137865061413834,-1.2624317636550932,-0.7199958655427348,-0.30171355390039284,-1.1332543611263655,1.2474632424978926,-0.07807995157948085,1.36587708294002,-0.9910369510243102,0.0,1.0,0.0,0.0,0.0,0.0,1.0,0.0,1.0,0.0,0.0,1.0,0.0,0.0,1
1.427469419024246,-0.8217208011392972,-0.1975012056779609,0.16323455768697015,-1.0523902615941472,0.3590329216760977,0.04962235615998553,-1.247765920360109,-1.3572471552211849,-0.8379325982787673,1.3629769797516211,1.3379772305897595,0.0,1.0,0.0,0.0,0.0,1.0,0.0,0.0,0.0,1.0,0.0,0.0,1.0,0.0,1
-0.48032643659969837,0.27390693371309904,-1.4809025422134503,1.169967512584582,1.1041478483659979,1.3063903720628776,-0.7117761661282981,1.4360477463015304,0.9852429071948086,0.5999608879004543,-1.3426411462645382,0.898345910080802,0.0,0.0,1.0,0.0,0.0,0.0,0.0,1.0,1.0,0.0,0.0,0.0,0.0,1.0,0
-0.43343744475640655,-0.09130231123769969,-1.7661028392213372,-1.1311363843242448,0.2754080978343293,-0.8728661962297737,1.34365840973514,-1.5637926270876437,0.785042500389718,0.7881531960648926,-0.46853900249835745,0.9473392602225804,0.0,0.0,0.0,1.0,0.0,0.0,0.0,1.0,0.0,0.0,1.0,0.0,0.0,1.0,0
-0.3850831719180116,-0.09130231123769969,-0.4827015026858477,0.45087254480057376,-1.6179900183438627,-1.667992940744105,-0.24230398310301102,0.4210198023397922,-0.3158224430668963,1.6125369033498944,-0.6618191203566905,-0.9554988643643683,0.0,0.0,0.0,0.0,1.0,0.0,1.0,0.0,1.0,0.0,0.0,0.0,0.0,1.0,1
-1.4225021164508476,-1.186930046090096,-0.4827015026858477,-0.6996794036538395,-0.08687148492039054,1.7026836321882144,0.12303073386939399,1.002247238265964,-1.5654077250745437,-0.46419949331013954,-1.4662956038585455,-0.28338582943378116,0.0,0.0,0.0,0.0,1.0,0.0,1.0,0.0,0.0,1.0,0.0,0.0,1.0,0.0,1
1.7205256180448212,1.0043254236146966,0.08769909132992527,-0.2682224229834347,-1.0231524845072637,-0.201698740783008,-1.4270810559013718,-1.5580560271630048,-1.2426223977682886,-0.4334110872849193,1.4467026262970215,1.5194939943526486,0.0,0.0,0.0,1.0,0.0,0.0,1.0,0.0,1.0,0.0,0.0,0.0,1.0,0.0,1
-1.0503207436947173,-0.8217208011392972,-0.3401013541819043,1.169967512584582,-0.02402706750375532,0.41866422939059933,-1.1546164725892414,0.5183183248060935,1.3670034205136241,1.7585427685120516,1.377439364537778,-0.9727307033938969,0.0,0.0,1.0,0.0,0.0,0.0,1.0,0.0,1.0,0.0,0.0,0.0,0.0,1.0,1
-1.3931964965487902,-0.09130231123769969,-0.9105019481976773,-0.8434983972106412,1.4714684271701806,1.0687788909399987,0.5132901558315053,-1.398534720365712,-1.1954495649922139,-1.2972311688352531,0.22106173063109036,-0.38911620151844845,0.0,0.0,0.0,1.0,0.0,1.0,0.0,0.0,1.0,0.0,0.0,0.0,1.0,0.0,0
0.23766125100071073,0.27390693371309904,-0.1975012056779609,-1.5625933649946497,0.13157167722299337,0.38151116516026473,-0.40380241406370987,-0.5243214976214852,-1.0252598476222867,1.7011428110211086,-1.5268646570375246,0.36931511083941604,0.0,0.0,0.0,0.0,1.0,0.0,1.0,0.0,0.0,0.0,1.0,1.0,0.0,0.0,0
-0.8188063464684628,-0.4565115561884984,0.08769909132992527,0.3070535512437719,-0.2122242533503628,1.424830612730266,1.445064401268602,0.4499646747391433,1.5253631109533534,0.2925897499097845,-1.5481311652713776,1.6160488911937765,0.0,0.0,0.0,0.0,1.0,1.0,0.0,0.0,0.0,1.0,0.0,0.0,0.0,1.0,1
1.5886503284855626,1.3695346685654952,-1.3383023937095075,1.4576054996981858,0.4189084520423675,0.8032797679009908,-1.541461551402078,-0.7619139090471581,1.6406154568855416,-1.2210562077090956,0.5740485513049395,-0.838128061941472,0.0,0.0,1.0,0.0,0.0,0.0,1.0,0.0,0.0,1.0,0.0,0.0,0.0,1.0,0
-1.406384025504716,1.3695346685654952,-1.1957022452055641,0.7385105319141774,0.7630404490190218,-0.4968399052295926,0.28691920503458523,-0.784552470661507,0.9699562132577992,0.391016423278615,0.9288751239856524,-0.9147321113453144,0.0,0.0,1.0,0.0,0.0,0.0,0.0,1.0,1.0,0.0,0.0,0.0,1.0,0.0,0
-0.6034100401883401,1.0043254236146966,0.8006998338496417,0.8823295254709785,-0.6880942804196423,0.4244756777060183,-1.413082248989345,0.059867139981167584,1.6053101854748177,-0.9762015327438559,-0.8829462687987367,1.15936776704285,0.0,0.0,0.0,1.0,0.0,0.0,0.0,1.0,0.0,1.0,0.0,0.0,0.0,1.0,1
-0.9096537681648411,1.0043254236146966,-0.0549010571740175,1.169967512584582,-0.7472419674000049,1.3868551737383148,-1.2283662846135774,-0.6550924753302669,1.0585816945103677,-0.8388510541189821,-0.035038093748392354,-0.8763350434821096,0.0,0.0,0.0,1.0,0.0,0.0,1.0,0.0,1.0,0.0,0.0,0.0,0.0,1.0,1
0.8706626408851535,0.6391161786638978,1.3711004278654153,-1.1311363843242448,1.3672878421479515,0.5972292026294588,1.2644456486719646,1.2572297500048855,0.6392119952570069,-0.2764226097872748,0.5336856551782743,-0.1784594691783083,0.0,1.0,0.0,0.0,0.0,0.0,0.0,1.0,0.0,1.0,0.0,0.0,1.0,0.0,0
-0.32061080813348486,1.0043254236146966,-0.6253016511897911,-0.5558604100970382,0.32312952710257625,1.4664245006733263,1.451210218937297,-0.23581117805081034,-1.0605307654821938,0.10214545867558997,1.1944598445928456,0.6836665288422357,0.0,0.0,0.0,1.0,0.0,1.0,0.0,0.0,0.0,1.0,0.0,0.0,0.0,1.0,0
-0.9169801731403555,0.27390693371309904,-1.7661028392213372,-1.1311363843242448,0.8930981470951593,-0.09553929655575036,-0.9804849719762261,1.5062260896184054,0.5509399102540565,-1.5951022941678887,0.06371214334483538,1.7207623050445953,0.0,1.0,0.0,0.0,0.0,0.0,1.0,0.0,1.0,0.0,0.0,0.0,1.0,0.0,0
-0.6312503790952946,1.0043254236146966,0.8006998338496417,-0.8434983972106412,0.4652856156974247,-0.5096689515108002,-1.1778340060043104,-0.7680026938672947,1.1941179036698066,-0.824929736347054,0.1751509038546508,-1.003625154164405,0.0,0.0,1.0,0.0,0.0,0.0,1.0,0.0,1.0,0.0,0.0,0.0,0.0,1.0,0
-1.3243282897789552,0.6391161786638978,-0.6253016511897911,1.026148519027781,1.4691159623470977,0.4980873563679899,0.24662995587314243,0.14836719034772797,1.3717368944924928,-1.042545483857256,-0.47254216376283426,0.5215461179380163,0.0,1.0,0.0,0.0,0.0,0.0,0.0,1.0,0.0,1.0,0.0,0.0,0.0,1.0,0
1.0728714182093502,-1.186930046090096,1.2285002793614712,0.45087254480057376,-0.46091339179052315,0.11506174239672277,-0.660561018889176,1.4482910269103568,1.511533898218628,-0.25703188748687017,1.4654524782455791,0.0425880052546354,0.0,0.0,1.0,0.0,0.0,0.0,0.0,1.0,1.0,0.0,0.0,1.0,0.0,0.0,1
-0.015832361152086638,-1.186930046090096,-0.3401013541819043,0.45087254480057376,1.0009754625536615,-0.4964926803302438,-1.5175611493571544,-0.6577163822814646,-0.1820309489651921,-0.612913390191944,0.6040150640547427,-1.1813730587642308,0.0,0.0,0.0,0.0,1.0,0.0,1.0,0.0,0.0,1.0,0.0,1.0,0.0,0.0,0
-0.6034100401883401,1.0043254236146966,-0.6253016511897911,0.16323455768697015,-1.3444319660596868,0.6496784374258487,-0.5246701615480382,-0.9589027684952312,-0.6261164375897187,-0.15992955678917875,0.8413262952313304,-0.11384850208376895,0.0,0.0,0.0,0.0,1.0,0.0,1.0,0.0,1.0,0.0,0.0,0.0,0.0,1.0,1
-1.2085710911658278,-0.8217208011392972,1.6563007248733022,0.8823295254709785,0.6289499541033136,0.9908725885229221,0.6259634797575743,1.2221384743006565,-0.858966713562699,-1.0191785542732148,0.3040638003633104,1.0099926389448133,0.0,0.0,1.0,0.0,0.0,0.0,1.0,0.0,0.0,0.0,1.0,1.0,0.0,0.0,0
-1.1631473803176386,-1.186930046090096,0.3728993883378121,0.019415564130168962,-1.103808421298667,-0.735547886034626,1.647876384335526,0.7788852977739886,0.2589598572898421,-0.7489914542258748,-0.04352791933336219,-0.20894046457964793,0.0,0.0,0.0,1.0,0.0,0.0,1.0,0.0,0.0,1.0,0.0,1.0,0.0,0.0,1
-0.7177019578063645,0.27390693371309904,1.0859001308575285,-0.41204141654023646,1.2147136950508801,-1.583599015207614,-0.0435892118152168,1.3093275422896744,0.3609660465859026,1.62832904501789,0.2770947015116053,-2.1297669458067747,0.0,0.0,0.0,0.0,1.0,0.0,0.0,1.0,1.0,0.0,0.0,0.0,0.0,1.0,0
1.8128383207363028,1.0043254236146966,-1.1957022452055641,-1.5625933649946497,0.1497192630010593,1.066969666464444,0.03323350904346652,-1.5871510960619066,0.6368562323185298,-1.47476974250545,-0.5201097129981146,-0.7755467893158737,0.0,0.0,1.0,0.0,0.0,0.0,1.0,0.0,1.0,0.0,0.0,1.0,0.0,0.0,0
-0.13745068374562536,-1.186930046090096,-0.1975012056779609,-0.41204141654023646,1.1733775274452858,1.3171177939532892,0.20634070671169938,-0.8350233500007349,-0.4524538307028675,-0.2799833924293372,1.251075154485319,0.08264327325665663,0.0,0.0,1.0,0.0,0.0,0.0,1.0,0.0,0.0,1.0,0.0,0.0,1.0,0.0,0
0.565884193903755,-1.5521392910408947,1.513700576369358,1.601424493254987,0.4074821943302524,0.32372563191072307,-1.0962312047366423,-1.1635921118394352,-0.3976217465366126,-0.6725398965909144,-1.5995630783638801,-0.5817538295416287,0.0,0.0,0.0,1.0,0.0,1.0,0.0,0.0,1.0,0.0,0.0,1.0,0.0,0.0,0
-1.0503207436947173,1.0043254236146966,0.3728993883378121,0.019415564130168962,1.0335739036735203,1.4143955907550954,1.557737725194671,-0.16183745982611294,-0.40572186849561875,-1.1445113914811285,-1.3889006443299583,-0.4496838788497411,0.0,0.0,0.0,1.0,0.0,0.0,1.0,0.0,0.0,1.0,0.0,0.0,1.0,0.0,0
1.6384698823190604,-1.5521392910408947,-1.1957022452055641,-0.41204141654023646,0.9495573028491419,-0.6453973371668239,-1.0412602800333177,-1.351137042678923,1.197725026505662,0.37666873004547996,-0.6271179382488228,0.8123321691639601,0.0,0.0,1.0,0.0,0.0,0.0,1.0,0.0,0.0,1.0,0.0,1.0,0.0,0.0,0
-0.7279589247720845,-1.186930046090096,-0.1975012056779609,1.601424493254987,0.6615483952231728,-0.329294753796386,1.5212042534974306,1.3928911775309254,-1.3930254241325184,-0.5086403921479025,-0.8937190829460283,0.33811563695372887,0.0,0.0,1.0,0.0,0.0,0.0,1.0,0.0,0.0,1.0,0.0,1.0,0.0,0.0,0
0.9820239965129718,-0.4565115561884984,1.513700576369358,-0.5558604100970382,1.6455508240782926,-0.1295856116866474,0.7871204764033455,-1.0886249603019793,-0.36933541449943713,0.8912569291738922,-0.8216765175000829,0.1268029994800947,0.0,0.0,1.0,0.0,0.0,1.0,0.0,0.0,0.0,0.0,1.0,0.0,0.0,1.0,0
1.8055119157607884,1.0043254236146966,1.3711004278654153,0.45087254480057376,-0.6756598234976344,0.7049968463905429,0.6734228495324942,0.2953053322160908,-0.2915204867477098,0.5029514625435237,1.6217093791301438,0.24930281209904134,0.0,1.0,0.0,0.0,0.0,1.0,0.0,0.0,0.0,0.0,1.0,0.0,1.0,0.0,1
-0.792431288556611,1.0043254236146966,-1.0531020967016207,-0.12440342942663285,0.6736467857418833,1.2312984188299974,-0.2166964094834499,1.510649117570684,-0.08010459986593675,0.07672330752294455,-0.6177816010042498,-0.16404010743570657,0.0,0.0,0.0,1.0,0.0,0.0,0.0,1.0,0.0,1.0,0.0,1.0,0.0,0.0,0
1.335156716332765,-0.4565115561884984,-1.1957022452055641,-0.41204141654023646,0.09090764242399442,0.5666916864814561,-1.4175208950834022,-0.7841167713330698,0.024793013290613765,-1.0773418898682743,-0.04936015588106492,-1.8443390853912882,0.0,0.0,0.0,1.0,0.0,1.0,0.0,0.0,0.0,0.0,1.0,0.0,1.0,0.0,0
1.8406786596432572,1.3695346685654952,0.23029923983386869,1.601424493254987,-0.5563562503270171,-1.2648100076158977,1.3190751390603614,-1.5871837896965069,0.1319757737534114,0.869127442208417,1.2446239730160549,1.0312896566012593,0.0,0.0,1.0,0.0,0.0,1.0,0.0,0.0,0.0,1.0,0.0,0.0,0.0,1.0,1
-0.33965946106982237,-1.186930046090096,1.2285002793614712,-0.6996794036538395,0.2717113673980566,-1.3208411413739922,0.07830283861389384,0.7647532314434448,0.5261048377203277,1.5071458619465141,-1.6980756820939285,0.5965479694249313,0.0,0.0,0.0,1.0,0.0,0.0,1.0,0.0,0.0,1.0,0.0,0.0,1.0,0.0,0
